{
    "__linked": [],
    "__patches": {
        "{7de27fa5}": {
            "IconScale": 1.2000000476837158
        },
        "{e5e66cbc}": {
            "IconScale": 1.2000000476837158
        },
        "{ca757d79}": {
            "IconScale": 1.2000000476837158
        },
        "{e798db49}": {
            "Position.UIRect.Position": [
                469.0,
                177.0
            ],
            "Position.UIRect.Size": [
                396.0,
                396.0
            ]
        },
        "{90deb333}": {
            "IconScale": 1.2000000476837158
        },
        "{657cdddd}": {
            "IconScale": 1.2000000476837158
        },
        "{28b88c99}": {
            "IconScale": 1.2000000476837158
        },
        "{a225bdeb}": {
            "IconScale": 1.2000000476837158
        },
        "{856e3e50}": {
            "IconScale": 1.2000000476837158
        },
        "{b51a617c}": {
            "Position.UIRect.Position": [
                469.0,
                177.0
            ],
            "Position.UIRect.Size": [
                396.0,
                396.0
            ]
        },
        "{7cc8ab54}": {
            "IconScale": 1.2000000476837158
        },
        "{67dc4f80}": {
            "IconScale": 1.2000000476837158
        },
        "{55240657}": {
            "IconScale": 1.2000000476837158,
            "Scene": "{4d04e575}"
        },
        "{72093570}": {
            "IconScale": 1.2000000476837158
        },
        "{2059cb0c}": {
            "IconScale": 1.2000000476837158
        },
        "{e854e4c8}": {
            "IconScale": 1.2000000476837158
        },
        "{9c69ee74}": {
            "IconScale": 1.2000000476837158
        },
        "{7abf5ded}": {
            "IconScale": 1.2000000476837158
        },
        "{c97ebf6c}": {
            "IconScale": 1.2000000476837158
        },
        "{c19e3641}": {
            "IconScale": 1.2000000476837158
        }
    }
}